{"cameraMode":{"drawMode":0,"name":"Shaded","section":"Shading Mode"},"sceneLighting":true,"audioPlay":false,"sceneViewState":{"m_AlwaysRefresh":false,"showFog":true,"showSkybox":false,"showFlares":true,"showImageEffects":true,"showParticleSystems":true,"showVisualEffectGraphs":true,"m_FxEnabled":true},"in2DMode":false,"pivot":{"x":0.06319442391395569,"y":5.679999828338623,"z":1.8180441856384278},"rotation":{"x":-0.17724868655204774,"y":0.6057108640670776,"z":-0.14074504375457765,"w":-0.7628211975097656},"size":0.3473111689090729,"orthographic":true}